character,Ant-Man,Avengers: Age of Ultron,Avengers: Endgame,Avengers: Infinity War,Black Panther,Captain America: Civil War,Captain America: The First Avenger,Captain America: The Winter Soldier,Captain Marvel,Guardians of the Galaxy Vol. 2,Iron Man,Iron Man 2,Iron Man 3,Spider-Man: Homecoming,The Avengers,Thor,Thor: Ragnarok,Thor: The Dark World,total lines,total words,movie appearances,avg words per line,avg lines per movie
TONY STARK,0,173,137,119,0,165,0,0,0,0,252,335,358,74,152,0,0,0,1788,22590,9,12,198
STEVE ROGERS,3,133,119,25,0,154,186,218,3,0,0,0,0,7,121,0,0,0,977,8653,10,8,97
THOR,0,55,70,74,0,0,0,0,0,0,0,0,0,0,47,166,289,133,863,9487,7,10,123
PETER PARKER,0,0,7,39,0,73,0,0,0,0,0,0,0,402,0,0,0,0,551,5517,4,10,137
NATASHA ROMANOFF,1,79,69,15,0,64,0,112,3,0,0,55,0,0,97,0,1,0,498,4689,10,9,49
PEPPER POTTS,0,0,15,21,0,0,0,0,0,0,114,157,88,7,29,0,0,0,442,3492,7,7,63
BRUCE BANNER,0,83,93,45,0,0,0,0,2,0,0,0,7,0,84,0,62,0,379,3840,7,10,54
NICK FURY,0,26,0,7,0,0,5,68,120,0,0,28,0,0,109,0,0,0,366,4524,7,12,52
LOKI,0,0,1,6,0,0,0,0,0,0,0,0,0,0,68,91,74,76,327,4097,6,12,54
SCOTT LANG,222,0,70,0,0,22,0,0,0,0,0,0,0,0,0,0,0,0,324,3236,3,9,108
JAMES RHODES,0,20,38,17,0,25,0,0,2,0,67,80,63,0,0,0,0,0,318,3486,8,10,39
PETER QUILL,0,0,8,79,0,0,0,0,0,183,0,0,0,0,0,0,0,0,276,2916,3,10,92
CAROL DANVERS,0,0,18,0,0,0,0,0,211,0,0,0,0,0,0,0,0,0,234,1954,2,8,117
JANE FOSTER,0,0,2,0,0,0,0,0,0,0,0,0,0,0,0,119,0,106,233,2114,3,9,77
ROCKET,0,0,51,46,0,0,0,0,0,120,0,0,0,0,0,0,0,0,217,2420,3,11,72
CLINT BARTON,0,69,44,0,0,27,0,0,0,0,0,0,0,0,43,1,0,0,185,1911,5,10,37
SAM WILSON,14,4,16,9,0,63,0,67,0,0,0,0,0,0,0,0,0,0,174,1522,6,8,29
GAMORA,0,0,22,44,0,0,0,0,0,105,0,0,0,0,0,0,0,0,173,1552,3,8,57
T'CHALLA,0,0,1,17,125,28,0,0,0,0,0,0,0,0,0,0,0,0,172,1896,4,11,43
HAPPY HOGAN,0,0,4,0,0,0,0,0,0,0,2,40,53,59,0,0,0,0,162,1248,5,7,32
HANK PYM,140,0,5,0,0,0,0,0,0,0,0,0,0,0,0,0,0,0,146,2081,2,14,73
ODIN,0,0,0,0,0,0,0,0,0,0,0,0,0,0,0,47,25,62,136,2200,3,16,45
JARVIS,0,24,0,0,0,0,0,0,0,0,34,20,44,0,13,0,0,0,135,1405,5,10,27
NED LEEDS,0,0,0,1,0,0,0,0,0,0,0,0,0,130,0,0,0,0,135,1171,2,8,67
ERIK SELVIG,0,6,0,0,0,0,0,0,0,0,0,0,0,0,19,69,0,29,123,1389,4,11,30
PHIL COULSON,0,0,0,0,0,0,0,0,13,0,18,12,0,0,42,26,0,0,111,1311,5,11,22
BUCKY BARNES,0,0,2,8,0,42,42,13,0,0,0,0,0,0,0,0,0,0,110,826,5,7,22
THANOS,0,1,36,70,0,0,0,0,0,0,0,0,0,0,0,0,0,0,109,1343,3,12,36
DRAX,0,0,1,28,0,0,0,0,0,79,0,0,0,0,0,0,0,0,109,921,3,8,36
WANDA MAXIMOFF,0,36,4,30,0,35,0,0,0,0,0,0,0,0,0,0,0,0,105,660,4,6,26
DARCY LEWIS,0,0,0,0,0,0,0,0,0,0,0,0,0,0,0,39,0,53,99,795,2,8,49
ADRIAN TOOMES,0,0,0,0,0,0,0,0,0,0,0,0,0,95,0,0,0,0,95,1148,1,12,95
PEGGY CARTER,3,3,4,0,0,0,76,7,0,0,0,0,0,0,1,0,0,0,94,930,6,9,15
SHURI,0,0,0,6,87,0,0,0,0,0,0,0,0,0,0,0,0,0,93,896,2,9,46
HOPE VAN DYNE,90,0,2,0,0,0,0,0,0,0,0,0,0,0,0,0,0,0,92,1041,2,11,46
VALKYRIE,0,0,12,0,0,0,0,0,0,0,0,0,0,0,0,0,78,0,90,803,2,8,45
LUIS,82,0,0,0,0,0,0,0,0,0,0,0,0,0,0,0,0,0,86,1213,1,14,86
JUSTIN HAMMER,0,0,0,0,0,0,0,0,0,0,0,82,0,0,0,0,0,0,82,2281,1,27,82
ULTRON,0,81,0,0,0,0,0,0,0,0,0,0,0,0,0,0,0,0,81,1205,1,14,81
MARIA HILL,0,24,0,6,0,0,0,23,0,0,0,0,0,0,27,0,0,0,80,659,4,8,20
NEBULA,0,0,31,8,0,0,0,0,0,36,0,0,0,0,0,0,0,0,77,903,3,11,25
STEPHEN STRANGE,0,0,2,57,0,0,0,0,0,0,0,0,0,0,0,0,18,0,77,677,3,8,25
VISION,0,19,0,26,0,31,0,0,0,0,0,0,0,0,0,0,0,0,76,971,3,12,25
VOLSTAGG,0,0,0,0,0,0,0,0,0,0,0,0,0,0,0,62,1,8,71,663,3,9,23
NAKIA,0,0,0,0,71,0,0,0,0,0,0,0,0,0,0,0,0,0,71,602,1,8,71
LIZ TOOMES,0,0,0,0,0,0,0,0,0,0,0,0,0,69,0,0,0,0,71,546,1,7,71
YON-ROGG,0,0,0,0,0,0,0,0,69,0,0,0,0,0,0,0,0,0,69,892,1,12,69
YONDU,0,0,0,0,0,0,0,0,0,69,0,0,0,0,0,0,0,0,69,788,1,11,69
FRIGGA,0,0,19,0,0,0,0,0,0,0,0,0,0,0,0,22,0,22,67,722,3,10,22
OKOYE,0,0,3,11,53,0,0,0,0,0,0,0,0,0,0,0,0,0,67,542,3,8,22
KAREN,0,0,0,0,0,0,0,0,0,0,0,0,0,66,0,0,0,0,67,523,1,7,67
MANTIS,0,0,1,17,0,0,0,0,0,46,0,0,0,0,0,0,0,0,64,553,3,8,21
EVERETT ROSS,0,0,0,0,57,6,0,0,0,0,0,0,0,0,0,0,0,0,63,809,2,12,31
MAYA HANSEN,0,0,0,0,0,0,0,0,0,0,0,0,61,0,0,0,0,0,63,484,1,7,63
HOWARD STARK,5,0,23,0,0,6,23,0,0,0,0,4,0,0,0,0,0,0,61,1121,5,18,12
SIF,0,0,0,0,0,0,0,0,0,0,0,0,0,0,0,44,0,14,61,468,2,7,30
ALEXANDER PIERCE,0,0,5,0,0,0,0,55,0,0,0,0,0,0,0,0,0,0,60,1198,2,19,30
COL. CHESTER PHILLIPS,0,0,0,0,0,0,60,0,0,0,0,0,0,0,0,0,0,0,60,959,1,15,60
TALOS,0,0,0,0,0,0,0,0,59,0,0,0,0,0,0,0,0,0,59,894,1,15,59
ALDRICH KILLIAN,0,0,0,0,0,0,0,0,0,0,0,0,58,0,0,0,0,0,58,1302,1,22,58
EGO,0,0,0,0,0,0,0,0,0,57,0,0,0,0,0,0,0,0,57,1545,1,27,57
FANDRAL,0,0,0,0,0,0,0,0,0,0,0,0,0,0,0,49,0,8,57,677,2,11,28
RED SKULL,0,0,5,9,0,0,41,0,0,0,0,0,0,0,0,0,0,0,55,976,3,17,18
DARREN CROSS,53,0,0,0,0,0,0,0,0,0,0,0,0,0,0,0,0,0,53,1120,1,21,53
N'JADAKA (KILLMONGER),0,0,0,0,53,0,0,0,0,0,0,0,0,0,0,0,0,0,53,897,1,16,53
HEIMDALL,0,4,0,1,0,0,0,0,0,0,0,0,0,0,0,17,13,17,53,814,5,15,10
HARLEY KEENER,0,0,0,0,0,0,0,0,0,0,0,0,52,0,0,0,0,0,53,423,1,7,53
OBADIAH STANE,0,0,0,0,0,0,0,0,0,0,52,0,0,0,0,0,0,0,52,1284,1,24,52
"JAMES ""JIM"" PAXTON",46,0,0,0,0,0,0,0,0,0,0,0,0,0,0,0,0,0,46,351,1,7,46
BROCK RUMLOW,0,0,3,0,0,8,0,34,0,0,0,0,0,0,0,0,0,0,45,454,3,10,15
MAY PARKER,0,0,0,0,0,10,0,0,0,0,0,0,0,34,0,0,0,0,45,396,2,8,22
MARIA RAMBEAU,0,0,0,0,0,0,0,0,43,0,0,0,0,0,0,0,0,0,44,593,1,13,44
HULK,0,0,0,2,0,0,0,0,0,0,0,0,0,0,1,0,39,0,44,141,3,3,14
DR. ARNIM ZOLA,0,0,0,0,0,0,30,13,0,0,0,0,0,0,0,0,0,0,43,570,2,13,21
YINSEN,0,0,0,0,0,0,0,0,0,0,41,0,0,0,0,0,0,0,41,953,1,23,41
FRIDAY,0,13,6,5,0,16,0,0,0,0,0,0,0,1,0,0,0,0,41,346,5,8,8
ULYSSES KLAUE,0,7,0,0,33,0,0,0,0,0,0,0,0,0,0,0,0,0,40,756,2,18,20
GRANDMASTER,0,0,0,0,0,0,0,0,0,0,0,0,0,0,0,0,38,0,38,821,1,21,38
SHARON CARTER,0,0,0,0,0,26,0,12,0,0,0,0,0,0,0,0,0,0,38,542,2,14,19
DR. ABRAHAM ERSKINE,0,0,0,0,0,0,36,0,0,0,0,0,0,0,0,0,0,0,37,663,1,17,37
IVAN VANKO,0,0,0,0,0,0,0,0,0,0,0,33,0,0,0,0,0,0,37,269,1,7,37
PHINEAS MASON,0,0,0,0,0,0,0,0,0,0,0,0,0,35,0,0,0,0,35,274,1,7,35
SENATOR STERN,0,0,0,0,0,0,0,5,0,0,0,29,0,0,0,0,0,0,34,499,2,14,17
DAVE,33,0,0,0,0,0,0,0,0,0,0,0,0,0,0,0,0,0,34,185,1,5,34
HELA,0,0,0,0,0,0,0,0,0,0,0,0,0,0,0,0,32,0,32,673,1,21,32
HELMUT ZEMO,0,0,0,0,0,32,0,0,0,0,0,0,0,0,0,0,0,0,32,621,1,19,32
CHRISTINE EVERHART,0,0,0,0,0,0,0,0,0,0,16,16,0,0,0,0,0,0,32,318,2,9,16
KORG,0,0,5,0,0,0,0,0,0,0,0,0,0,0,0,0,26,0,31,618,2,19,15
HERMAN SCHULTZ,0,0,0,0,0,0,0,0,0,0,0,0,0,27,0,0,0,0,29,177,1,6,29
KURT,28,0,0,0,0,0,0,0,0,0,0,0,0,0,0,0,0,0,28,140,1,5,28
CASSIE LANG,24,0,2,0,0,0,0,0,0,0,0,0,0,0,0,0,0,0,26,117,2,4,13
SECRETARY ROSS,0,0,0,8,0,16,0,0,0,0,0,0,0,0,0,0,0,0,24,458,2,19,12
MALEKITH,0,0,0,0,0,0,0,0,0,0,0,0,0,0,0,0,0,22,24,329,1,13,24
PIETRO MAXIMOFF,0,24,0,0,0,0,0,0,0,0,0,0,0,0,0,0,0,0,24,230,1,9,24
FLASH THOMPSON,0,0,0,0,0,0,0,0,0,0,0,0,0,24,0,0,0,0,24,220,1,9,24
GROOT,0,0,2,4,0,0,0,0,0,3,0,0,0,0,0,0,0,0,24,78,3,3,8
EBONY MAW,0,0,7,16,0,0,0,0,0,0,0,0,0,0,0,0,0,0,23,316,2,13,11
M'BAKU,0,0,0,3,20,0,0,0,0,0,0,0,0,0,0,0,0,0,23,281,2,12,11
RICHARD,0,0,0,0,0,0,0,0,0,0,0,0,0,0,0,0,0,23,23,215,1,9,23
AARON DAVIS,0,0,0,0,0,0,0,0,0,0,0,0,0,22,0,0,0,0,22,207,1,9,22
IAN BOOTHBY,0,0,0,0,0,0,0,0,0,0,0,0,0,0,0,0,0,22,22,130,1,5,22
JASPER SITWELL,0,0,0,0,0,0,0,21,0,0,0,0,0,0,0,0,0,0,21,303,1,14,21
ZURI,0,0,0,0,21,0,0,0,0,0,0,0,0,0,0,0,0,0,21,263,1,12,21
RAMONDA,0,0,0,0,21,0,0,0,0,0,0,0,0,0,0,0,0,0,21,166,1,7,21
ERIC SAVIN,0,0,0,0,0,0,0,0,0,0,0,0,21,0,0,0,0,0,21,163,1,7,21
BAD NEBULA,0,0,21,0,0,0,0,0,0,0,0,0,0,0,0,0,0,0,21,113,1,5,21
W'KABI,0,0,0,0,20,0,0,0,0,0,0,0,0,0,0,0,0,0,20,256,1,12,20
WENDY LAWSON,0,0,0,0,0,0,0,0,18,0,0,0,0,0,0,0,0,0,20,196,1,9,20
GARY,0,0,0,0,0,0,0,0,0,0,0,0,19,0,0,0,0,0,20,156,1,7,20
MAJOR ALLEN,0,0,0,0,0,0,0,0,0,0,15,5,0,0,0,0,0,0,20,137,2,6,10
LAUFEY,0,0,0,0,0,0,0,0,0,0,0,0,0,0,0,19,0,0,19,266,1,14,19
MONICA RAMBEAU,0,0,0,0,0,0,0,0,19,0,0,0,0,0,0,0,0,0,19,264,1,13,19
N'JOBU,0,0,0,0,18,0,0,0,0,0,0,0,0,0,0,0,0,0,18,263,1,14,18
LAURA BARTON,0,16,2,0,0,0,0,0,0,0,0,0,0,0,0,0,0,0,18,193,2,10,9
TREVOR SLATTERY,0,0,0,0,0,0,0,0,0,0,0,0,17,0,0,0,0,0,17,273,1,16,17
TASERFACE,0,0,0,0,0,0,0,0,0,17,0,0,0,0,0,0,0,0,17,236,1,13,17
DR. HELEN CHO,0,17,0,0,0,0,0,0,0,0,0,0,0,0,0,0,0,0,17,233,1,13,17
MAN,0,0,0,0,0,0,0,0,0,0,0,3,7,5,0,0,0,1,17,99,4,5,4
THE MANDARIN,0,0,0,0,0,0,0,0,0,0,0,0,16,0,0,0,0,0,16,427,1,26,16
AYESHA,0,0,0,0,0,0,0,0,0,16,0,0,0,0,0,0,0,0,16,272,1,17,16
ANCIENT ONE,0,0,16,0,0,0,0,0,0,0,0,0,0,0,0,0,0,0,16,264,1,16,16
BARON WOLFGANG VON STRUCKER,0,12,0,0,0,0,0,4,0,0,0,0,0,0,0,0,0,0,16,254,2,15,8
SECURITY GUARD,0,0,0,0,2,0,0,0,0,0,0,2,0,0,12,0,0,0,16,215,3,13,5
JACKSON BRICE,0,0,0,0,0,0,0,0,0,0,0,0,0,15,0,0,0,0,16,130,1,8,16
T'CHAKA,0,0,0,0,8,7,0,0,0,0,0,0,0,0,0,0,0,0,15,291,2,19,7
SKURGE,0,0,0,0,0,0,0,0,0,0,0,0,0,0,0,0,15,0,15,250,1,16,15
KRAGLIN,0,0,0,0,0,0,0,0,0,15,0,0,0,0,0,0,0,0,15,205,1,13,15
EITRI,0,0,0,15,0,0,0,0,0,0,0,0,0,0,0,0,0,0,15,166,1,11,15
MR. HARRINGTON,0,0,0,0,0,0,0,0,0,0,0,0,0,15,0,0,0,0,15,159,1,10,15
MAGGIE LANG,15,0,0,0,0,0,0,0,0,0,0,0,0,0,0,0,0,0,15,139,1,9,15
HOGUN,0,0,0,0,0,0,0,0,0,0,0,0,0,0,0,10,3,2,15,101,3,6,5
SUPREME INTELLIGENCE,0,0,0,0,0,0,0,0,14,0,0,0,0,0,0,0,0,0,14,224,1,16,14
"MICHELLE ""MJ"" JONES",0,0,0,0,0,0,0,0,0,0,0,0,0,14,0,0,0,0,14,139,1,9,14
SHIELD AGENT,0,0,0,0,0,0,5,4,0,0,0,1,0,0,2,2,0,0,14,111,5,7,2
FURY'S CAR,0,0,0,0,0,0,0,14,0,0,0,0,0,0,0,0,0,0,14,90,1,6,14
SURTUR,0,0,0,0,0,0,0,0,0,0,0,0,0,0,0,0,13,0,13,146,1,11,13
STAN LEE,0,2,1,1,1,1,0,0,1,1,0,1,0,2,1,0,1,0,13,123,11,9,1
DIRECTOR,0,0,0,0,0,0,1,0,12,0,0,0,0,0,0,0,0,0,13,111,2,8,6
MORGAN STARK,0,0,12,0,0,0,0,0,0,0,0,0,0,0,0,0,0,0,13,53,1,4,13
SHIELD COMPUTER,0,0,0,0,0,0,0,8,0,0,0,0,0,0,0,0,0,0,13,38,1,2,13
RAZA,0,0,0,0,0,0,0,0,0,0,12,0,0,0,0,0,0,0,12,227,1,18,12
MINN-ERVA,0,0,0,0,0,0,0,0,12,0,0,0,0,0,0,0,0,0,12,74,1,6,12
DORIS TOOMES,0,0,0,0,0,0,0,0,0,0,0,0,0,12,0,0,0,0,12,63,1,5,12
ACTOR THOR,0,0,0,0,0,0,0,0,0,0,0,0,0,0,0,0,12,0,12,59,1,4,12
SENATOR BRANDT,0,0,0,0,0,0,11,0,0,0,0,0,0,0,0,0,0,0,11,171,1,15,11
COUNCILMAN,0,0,0,0,0,0,0,0,0,0,0,0,0,0,11,0,0,0,11,135,1,12,11
WONG,0,0,1,10,0,0,0,0,0,0,0,0,0,0,0,0,0,0,11,103,2,9,5
PRESIDENT ELLIS,0,0,0,0,0,0,0,0,0,0,0,0,11,0,0,0,0,0,11,93,1,8,11
ACTOR LOKI,0,0,0,0,0,0,0,0,0,0,0,0,0,0,0,0,11,0,11,77,1,7,11
DALE,10,0,0,0,0,0,0,0,0,0,0,0,0,0,0,0,0,0,10,141,1,14,10
JAPSER SITWELL,0,0,3,0,0,0,0,0,0,0,0,0,0,0,2,5,0,0,10,85,3,8,3
BRANDT,0,0,0,0,0,0,0,0,0,0,0,0,10,0,0,0,0,0,10,74,1,7,10
KORATH,0,0,0,0,0,0,0,0,10,0,0,0,0,0,0,0,0,0,10,73,1,7,10
CHARLES MURPHY,0,0,0,0,0,0,0,0,0,0,0,0,0,10,0,0,0,0,10,67,1,6,10
DUM DUM DUGAN,0,0,0,0,0,0,10,0,0,0,0,0,0,0,0,0,0,0,10,62,1,6,10
MR. DELMAR,0,0,0,0,0,0,0,0,0,0,0,0,0,10,0,0,0,0,10,59,1,5,10
TOPAZ,0,0,0,0,0,0,0,0,0,0,0,0,0,0,0,0,10,0,10,53,1,5,10
ABRAHAM BROWN,0,0,0,0,0,0,0,0,0,0,0,0,0,10,0,0,0,0,10,37,1,3,10
STAKAR,0,0,0,0,0,0,0,0,0,9,0,0,0,0,0,0,0,0,9,172,1,19,9
COUNCILMAN ROCKWELL,0,0,0,0,0,0,0,9,0,0,0,0,0,0,0,0,0,0,9,117,1,13,9
MITCHELL CARSON,9,0,0,0,0,0,0,0,0,0,0,0,0,0,0,0,0,0,9,91,1,10,9
RONAN,0,0,0,0,0,0,0,0,9,0,0,0,0,0,0,0,0,0,9,88,1,9,9
VASILY KARPOV,0,0,0,0,0,9,0,0,0,0,0,0,0,0,0,0,0,0,9,61,1,6,9
QUINJET,0,0,0,0,0,0,0,0,0,0,0,0,0,0,0,0,5,0,9,23,1,2,9
GENERAL GABRIEL,0,0,0,0,0,0,0,0,0,0,8,0,0,0,0,0,0,0,8,150,1,18,8
NEWS REPORTER,0,0,0,0,0,0,0,0,0,0,0,6,0,0,0,0,0,2,8,116,2,14,4
THE COLLECTOR,0,0,0,0,0,0,0,0,0,0,0,0,0,0,0,0,0,8,8,83,1,10,8
GABE JONES,0,0,0,0,0,0,8,0,0,0,0,0,0,0,0,0,0,0,8,72,1,9,8
OFFICER,0,0,0,0,0,0,2,0,0,0,4,0,2,0,0,0,0,0,8,65,3,8,2
POLICE OFFICER,0,0,0,0,0,0,0,0,0,0,0,8,0,0,0,0,0,0,8,62,1,7,8
VIPER 1,0,0,0,0,0,0,0,0,0,0,8,0,0,0,0,0,0,0,8,62,1,7,8
MUSEUM DIRECTOR,0,0,0,0,8,0,0,0,0,0,0,0,0,0,0,0,0,0,8,59,1,7,8
DR. LIST,0,4,0,0,0,0,0,4,0,0,0,0,0,0,0,0,0,0,8,58,2,7,4
DOCTOR,0,0,0,0,0,0,0,8,0,0,0,0,0,0,0,0,0,0,8,56,1,7,8
A1 STEVE,0,0,8,0,0,0,0,0,0,0,0,0,0,0,0,0,0,0,8,54,1,6,8
JIM MORITA,0,0,0,0,0,0,8,0,0,0,0,0,0,0,0,0,0,0,8,54,1,6,8
SKRULL SCIENTIST,0,0,0,0,0,0,0,0,7,0,0,0,0,0,0,0,0,0,8,54,1,6,8
BETTY BRANT,0,0,0,0,0,0,0,0,0,0,0,0,0,8,0,0,0,0,8,51,1,6,8
JAMES MONTGOMERY FALSWORTH,0,0,0,0,0,0,8,0,0,0,0,0,0,0,0,0,0,0,8,48,1,6,8
ADMISSIONS NURSE,0,0,0,0,0,0,0,0,0,0,0,0,0,0,0,8,0,0,8,46,1,5,8
PROXIMA MIDNIGHT,0,0,0,8,0,0,0,0,0,0,0,0,0,0,0,0,0,0,8,45,1,5,8
GRIOT,0,0,0,0,8,0,0,0,0,0,0,0,0,0,0,0,0,0,8,41,1,5,8
WOMAN,0,0,0,0,0,0,1,0,0,0,1,2,4,0,0,0,0,0,8,35,4,4,2
BRON-CHAR,0,0,0,0,0,0,0,0,8,0,0,0,0,0,0,0,0,0,8,34,1,4,8
THE OTHER,0,0,0,0,0,0,0,0,0,0,0,0,0,0,7,0,0,0,7,192,1,27,7
YOUNG T'CHAKA,0,0,0,0,7,0,0,0,0,0,0,0,0,0,0,0,0,0,7,129,1,18,7
INTERCOM VOICE,0,0,0,0,0,0,0,0,0,0,0,0,0,0,7,0,0,0,7,107,1,15,7
GENERAL,0,0,0,0,0,0,1,0,0,0,0,6,0,0,0,0,0,0,7,66,2,9,3
ALGRIM,0,0,0,0,0,0,0,0,0,0,0,0,0,0,0,0,0,6,7,64,1,9,7
TOWER KEEPER,0,0,0,0,0,0,7,0,0,0,0,0,0,0,0,0,0,0,7,46,1,6,7
MARSHAL,0,0,0,0,0,0,0,0,0,0,0,7,0,0,0,0,0,0,7,40,1,5,7
GUARD #2,0,0,0,0,0,0,0,0,0,0,0,0,7,0,0,0,0,0,7,36,1,5,7
4F DOCTOR,0,0,0,0,0,0,7,0,0,0,0,0,0,0,0,0,0,0,7,31,1,4,7
USO SINGER,0,0,0,0,0,0,6,0,0,0,0,0,0,0,0,0,0,0,6,181,1,30,6
NEWS ANCHOR,0,0,0,0,0,0,0,0,0,0,0,0,0,6,0,0,0,0,6,116,1,19,6
VICE PRESIDENT,0,0,0,0,0,0,0,0,0,0,0,0,6,0,0,0,0,0,6,80,1,13,6
GEORGI LUCHKOV,0,0,0,0,0,0,0,0,0,0,0,0,0,0,6,0,0,0,6,77,1,12,6
VIPER 2,0,0,0,0,0,0,0,0,0,0,6,0,0,0,0,0,0,0,6,65,1,10,6
GERMAN INNKEEPER,0,0,0,0,0,6,0,0,0,0,0,0,0,0,0,0,0,0,6,60,1,10,6
GUARD,0,0,0,0,0,1,1,0,0,0,0,0,1,1,0,0,0,2,6,54,5,9,1
SHIELD LIEUTENANT,0,0,0,0,0,0,6,0,0,0,0,0,0,0,0,0,0,0,6,53,1,8,6
COUNCILWOMAN,0,0,0,0,0,0,0,0,0,0,0,0,0,0,6,0,0,0,6,52,1,8,6
MRS. DAVIS,0,0,0,0,0,0,0,0,0,0,0,0,6,0,0,0,0,0,6,43,1,7,6
SHIELD TECH,0,0,0,0,0,0,3,3,0,0,0,0,0,0,0,0,0,0,6,38,2,6,3
CINDY MOON,0,0,0,0,0,0,0,0,0,0,0,0,0,6,0,0,0,0,6,28,1,4,6
COMPUTER,3,0,0,0,0,0,0,1,2,0,0,0,0,0,0,0,0,0,6,13,3,2,2
FRENCH PIRATE #1,0,0,0,0,0,0,0,5,0,0,0,0,0,0,0,0,0,0,5,99,1,19,5
ABU,0,0,0,0,0,0,0,0,0,0,5,0,0,0,0,0,0,0,5,89,1,17,5
MARIA STARK,0,0,0,0,0,5,0,0,0,0,0,0,0,0,0,0,0,0,5,86,1,17,5
SEARCH TEAM LEADER,0,0,0,0,0,0,5,0,0,0,0,0,0,0,0,0,0,0,5,72,1,14,5
BRANDT’S AIDE,0,0,0,0,0,0,5,0,0,0,0,0,0,0,0,0,0,0,5,68,1,13,5
DRUNK TOWNIE JAKE,0,0,0,0,0,0,0,0,0,0,0,0,0,0,0,5,0,0,5,66,1,13,5
YOUNG TONY STARK,0,0,0,0,0,5,0,0,0,0,0,0,0,0,0,0,0,0,5,65,1,13,5
JASON IONELLO,0,0,0,0,0,0,0,0,0,0,0,0,0,5,0,0,0,0,5,64,1,12,5
ANNOUNCER,0,1,0,0,0,0,0,0,0,0,0,1,3,0,0,0,0,0,5,52,3,10,1
PVT. LORRAINE,0,0,0,0,0,0,5,0,0,0,0,0,0,0,0,0,0,0,5,52,1,10,5
ROSE HILLS SHERIFF,0,0,0,0,0,0,0,0,0,0,0,0,5,0,0,0,0,0,5,51,1,10,5
PILOT,0,0,0,0,0,0,0,1,1,0,0,0,0,0,1,0,0,2,5,49,4,9,1
MEREDITH QUILL,0,0,0,0,0,0,0,0,0,5,0,0,0,0,0,0,0,0,5,47,1,9,5
TOM,0,0,0,0,0,0,0,0,5,0,0,0,0,0,0,0,0,0,5,46,1,9,5
EINHERJAR GUARD,0,0,0,0,0,0,0,0,0,0,0,0,0,0,0,2,0,3,5,41,2,8,2
A1 THOR,0,0,5,0,0,0,0,0,0,0,0,0,0,0,0,0,0,0,5,39,1,7,5
AGENT,0,0,0,0,0,0,0,0,3,0,2,0,0,0,0,0,0,0,5,34,2,6,2
ISABELA,0,0,0,0,0,0,0,0,0,0,0,0,0,0,0,5,0,0,5,33,1,6,5
CHARLIE WEAPONS TECH,0,0,0,0,0,0,0,5,0,0,0,0,0,0,0,0,0,0,5,30,1,6,5
ATT-LASS,0,0,0,0,0,0,0,0,5,0,0,0,0,0,0,0,0,0,5,27,1,5,5
SECURITY,0,0,1,0,0,0,0,0,2,0,0,0,0,2,0,0,0,0,5,25,3,5,1
COLLECTOR,0,0,0,5,0,0,0,0,0,0,0,0,0,0,0,0,0,0,5,25,1,5,5
JACK,0,0,0,0,0,0,0,0,0,0,0,5,0,0,0,0,0,0,5,24,1,4,5
MINING TRIBE ELDER,0,0,0,0,5,0,0,0,0,0,0,0,0,0,0,0,0,0,5,23,1,4,5
YOUNG ZURI,0,0,0,0,5,0,0,0,0,0,0,0,0,0,0,0,0,0,5,22,1,4,5
STRAWBERRY MAN,0,0,0,0,0,0,0,0,0,0,0,5,0,0,0,0,0,0,5,17,1,3,5
LILA BARTON,0,2,3,0,0,0,0,0,0,0,0,0,0,0,0,0,0,0,5,16,2,3,2
SON,0,0,0,0,5,0,0,0,0,0,0,0,0,0,0,0,0,0,5,15,1,3,5
JACK TAGGART,0,0,0,0,0,0,0,0,0,0,0,0,5,0,0,0,0,0,5,14,1,2,5
CROWD,0,0,0,0,2,0,0,0,0,0,0,0,0,1,0,0,1,0,5,9,3,1,1
REPORTER,0,0,0,0,0,0,0,0,0,0,1,1,0,0,2,0,0,0,4,186,3,46,1
FATHER,0,0,0,0,4,0,0,0,0,0,0,0,0,0,0,0,0,0,4,166,1,41,4
SERGEANT DUFFY,0,0,0,0,0,0,3,1,0,0,0,0,0,0,0,0,0,0,4,122,2,30,2
MRS. SPENCER,0,0,0,0,0,4,0,0,0,0,0,0,0,0,0,0,0,0,4,122,1,30,4
GRIEVING MAN,0,0,4,0,0,0,0,0,0,0,0,0,0,0,0,0,0,0,4,81,1,20,4
ANNE MARIE HOAG,0,0,0,0,0,0,0,0,0,0,0,0,0,4,0,0,0,0,4,80,1,20,4
IRON LEGION,0,4,0,0,0,0,0,0,0,0,0,0,0,0,0,0,0,0,4,77,1,19,4
COUNCILMAN SINGH,0,0,0,0,0,0,0,4,0,0,0,0,0,0,0,0,0,0,4,63,1,15,4
ROEDER,0,0,0,0,0,0,4,0,0,0,0,0,0,0,0,0,0,0,4,52,1,13,4
SHAMAN,0,0,0,0,4,0,0,0,0,0,0,0,0,0,0,0,0,0,4,49,1,12,4
COACH WILSON,0,0,0,0,0,0,0,0,0,0,0,0,0,4,0,0,0,0,4,47,1,11,4
FRANK,4,0,0,0,0,0,0,0,0,0,0,0,0,0,0,0,0,0,4,45,1,11,4
HEAD ENGINEER,0,0,0,0,0,0,0,0,0,0,4,0,0,0,0,0,0,0,4,44,1,11,4
SCHNEIDER,0,0,0,0,0,0,4,0,0,0,0,0,0,0,0,0,0,0,4,44,1,11,4
MS. WARREN,0,0,0,0,0,0,0,0,0,0,0,0,0,4,0,0,0,0,4,42,1,10,4
RANDY,0,0,0,0,0,0,0,0,0,0,0,0,0,4,0,0,0,0,4,41,1,10,4
PRINCIPAL MORITA,0,0,0,0,0,0,0,0,0,0,0,0,0,4,0,0,0,0,4,38,1,9,4
MEDICAL EXAMINER,0,0,0,0,0,0,0,0,4,0,0,0,0,0,0,0,0,0,4,37,1,9,4
POLICE,0,0,0,0,0,0,0,0,0,0,0,0,0,4,0,0,0,0,4,37,1,9,4
MADAME B,0,4,0,0,0,0,0,0,0,0,0,0,0,0,0,0,0,0,4,36,1,9,4
APPLE EMPLOYEE,0,0,0,0,0,0,0,4,0,0,0,0,0,0,0,0,0,0,4,35,1,8,4
GILMORE HODGE,0,0,0,0,0,0,4,0,0,0,0,0,0,0,0,0,0,0,4,35,1,8,4
M.P.,0,0,4,0,0,0,0,0,0,0,0,0,0,0,0,0,0,0,4,35,1,8,4
COM TECH #1,0,0,0,0,0,0,0,4,0,0,0,0,0,0,0,0,0,0,4,30,1,7,4
TULLK,0,0,0,0,0,0,0,0,0,4,0,0,0,0,0,0,0,0,4,29,1,7,4
TECHNICIAN,0,0,0,0,0,0,0,0,0,0,0,4,0,0,0,0,0,0,4,28,1,7,4
CORVUS GLAIVE,0,0,1,3,0,0,0,0,0,0,0,0,0,0,0,0,0,0,4,26,2,6,2
DELIVERY TRUCK DRIVER,0,0,0,0,0,4,0,0,0,0,0,0,0,0,0,0,0,0,4,26,1,6,4
IRON MAN JIMMY,0,0,0,0,0,0,0,0,0,0,4,0,0,0,0,0,0,0,4,26,1,6,4
CHARLIE XO,0,0,0,0,0,0,0,4,0,0,0,0,0,0,0,0,0,0,4,25,1,6,4
FEMALE SHIELD AGENT,0,0,4,0,0,0,0,0,0,0,0,0,0,0,0,0,0,0,4,25,1,6,4
FRENCH PIRATE,0,0,0,0,0,0,0,4,0,0,0,0,0,0,0,0,0,0,4,24,1,6,4
OAKLAND KID #1,0,0,0,0,4,0,0,0,0,0,0,0,0,0,0,0,0,0,4,24,1,6,4
FORTRESS SOLDIER,0,4,0,0,0,0,0,0,0,0,0,0,0,0,0,0,0,0,4,23,1,5,4
RIVER TRIBE ELDER,0,0,0,0,4,0,0,0,0,0,0,0,0,0,0,0,0,0,4,23,1,5,4
MALE AGENT,0,0,3,0,0,0,0,0,0,0,0,0,0,0,1,0,0,0,4,19,2,4,2
HO YINSEN,0,0,0,0,0,0,0,0,0,0,0,0,4,0,0,0,0,0,4,18,1,4,4
GALE,4,0,0,0,0,0,0,0,0,0,0,0,0,0,0,0,0,0,4,16,1,4,4
YOUNG KILLMONGER,0,0,0,0,4,0,0,0,0,0,0,0,0,0,0,0,0,0,4,14,1,3,4
GIRL,0,0,0,0,0,0,0,0,0,0,0,0,0,4,0,0,0,0,4,13,1,3,4
EIR,0,0,0,0,0,0,0,0,0,0,0,0,0,0,0,0,0,4,4,12,1,3,4
YOUNG GAMORA,0,0,0,4,0,0,0,0,0,0,0,0,0,0,0,0,0,0,4,12,1,3,4
MALE NURSE,0,0,0,0,0,0,0,4,0,0,0,0,0,0,0,0,0,0,4,9,1,2,4
THE SMITHSONIAN NARRATOR,0,0,0,0,0,0,0,3,0,0,0,0,0,0,0,0,0,0,3,106,1,35,3
TECHIE,0,0,0,0,0,0,0,0,0,0,0,0,0,0,0,3,0,0,3,89,1,29,3
MIT TEACHER,0,0,0,0,0,3,0,0,0,0,0,0,0,0,0,0,0,0,3,73,1,24,3
NEWS ANCHOR #4,0,0,0,0,0,3,0,0,0,0,0,0,0,0,0,0,0,0,3,68,1,22,3
COMMERCIAL ANNOUNCER,0,0,0,0,0,0,3,0,0,0,0,0,0,0,0,0,0,0,3,65,1,21,3
A1 TONY,0,0,3,0,0,0,0,0,0,0,0,0,0,0,0,0,0,0,3,46,1,15,3
COMMITTEE GENERAL,0,0,0,0,0,0,0,3,0,0,0,0,0,0,0,0,0,0,3,46,1,15,3
HEINZ KRUGER,0,0,0,0,0,0,3,0,0,0,0,0,0,0,0,0,0,0,3,41,1,13,3
DRUNK TOWNIE,0,0,0,0,0,0,0,0,0,0,0,0,0,0,0,3,0,0,3,40,1,13,3
TOUR GUIDE,0,0,0,0,0,0,0,0,0,0,0,0,0,3,0,0,0,0,3,40,1,13,3
ADMIRAL,0,0,0,0,0,0,0,0,0,3,0,0,0,0,0,0,0,0,3,39,1,13,3
FEMALE WAR VETERAN,0,0,0,0,0,0,0,3,0,0,0,0,0,0,0,0,0,0,3,39,1,13,3
HUTTER,0,0,0,0,0,0,3,0,0,0,0,0,0,0,0,0,0,0,3,39,1,13,3
GEF THE RAVAGER,0,0,0,0,0,0,0,0,0,3,0,0,0,0,0,0,0,0,3,31,1,10,3
MODERATOR,0,0,0,0,0,0,0,0,0,0,0,0,0,3,0,0,0,0,3,31,1,10,3
SOREN,0,0,0,0,0,0,0,0,3,0,0,0,0,0,0,0,0,0,3,31,1,10,3
YOUNG GIRL,0,0,0,0,0,0,0,0,0,0,0,0,0,0,3,0,0,0,3,30,1,10,3
DESK OFFICER,0,0,0,0,0,0,0,0,0,0,0,0,0,0,0,0,0,3,3,29,1,9,3
OAKLAND KID #3,0,0,0,0,3,0,0,0,0,0,0,0,0,0,0,0,0,0,3,29,1,9,3
SPECIALIST CAMERON KLEIN,0,3,0,0,0,0,0,0,0,0,0,0,0,0,0,0,0,0,3,29,1,9,3
ICE CREAM STORE CUSTOMER,3,0,0,0,0,0,0,0,0,0,0,0,0,0,0,0,0,0,3,28,1,9,3
MILITARY AIDE,0,0,0,0,0,0,0,0,0,0,0,0,3,0,0,0,0,0,3,28,1,9,3
TOWNIE PETE,0,0,0,0,0,0,0,0,0,0,0,0,0,0,0,3,0,0,3,28,1,9,3
CHAMBERMAID,0,0,0,0,0,0,0,0,0,3,0,0,0,0,0,0,0,0,3,27,1,9,3
LOUD JERK,0,0,0,0,0,0,3,0,0,0,0,0,0,0,0,0,0,0,3,27,1,9,3
POLICE OFFICER #1,0,0,0,0,0,0,0,0,0,0,0,0,0,0,0,0,0,3,3,26,1,8,3
STUDENT,0,0,0,0,0,0,0,0,0,0,0,0,0,2,0,0,0,1,3,25,2,8,1
RETCH,0,0,0,0,0,0,0,0,0,3,0,0,0,0,0,0,0,0,3,24,1,8,3
NURSE,0,0,0,0,0,0,0,0,0,0,0,0,1,0,0,2,0,0,3,21,2,7,1
DETECTIVE,3,0,0,0,0,0,0,0,0,0,0,0,0,0,0,0,0,0,3,21,1,7,3
RENATA,0,0,0,0,0,0,0,3,0,0,0,0,0,0,0,0,0,0,3,21,1,7,3
SECURITY CHECKPOINT,0,0,0,0,0,0,0,0,3,0,0,0,0,0,0,0,0,0,3,21,1,7,3
KREE,0,0,0,0,0,0,0,0,3,0,0,0,0,0,0,0,0,0,3,20,1,6,3
ROBBER 1,0,0,0,0,0,0,0,0,0,0,0,0,0,3,0,0,0,0,3,20,1,6,3
STRIKE AGENT,0,0,0,0,0,0,0,3,0,0,0,0,0,0,0,0,0,0,3,20,1,6,3
ELON MUSK,0,0,0,0,0,0,0,0,0,0,0,3,0,0,0,0,0,0,3,18,1,6,3
AGENT CALE,0,0,0,0,0,0,0,0,0,0,0,0,0,0,0,3,0,0,3,17,1,5,3
LEAD SCRAPPER,0,0,0,0,0,0,0,0,0,0,0,0,0,0,0,0,3,0,3,17,1,5,3
PEACHY,3,0,0,0,0,0,0,0,0,0,0,0,0,0,0,0,0,0,3,17,1,5,3
POLICE OFFICER #2,0,0,0,0,0,0,0,0,0,0,0,0,0,0,0,0,0,3,3,17,1,5,3
GSG-9 SOLDIER,0,0,0,0,0,3,0,0,0,0,0,0,0,0,0,0,0,0,3,16,1,5,3
MOTHER,0,0,0,0,0,0,3,0,0,0,0,0,0,0,0,0,0,0,3,16,1,5,3
OAKLAND KID #2,0,0,0,0,3,0,0,0,0,0,0,0,0,0,0,0,0,0,3,16,1,5,3
MADDIE,0,0,0,0,0,0,0,0,0,0,0,0,0,0,0,0,0,3,3,15,1,5,3
AGENT GARRETT,0,0,0,0,0,0,0,0,0,0,0,0,0,0,0,3,0,0,3,14,1,4,3
CONNIE,0,0,0,0,0,0,3,0,0,0,0,0,0,0,0,0,0,0,3,13,1,4,3
DORA MILAJE 1,0,0,0,0,3,0,0,0,0,0,0,0,0,0,0,0,0,0,3,13,1,4,3
PRATT,0,0,0,0,0,0,0,0,0,0,3,0,0,0,0,0,0,0,3,13,1,4,3
ALPHA GUARD,3,0,0,0,0,0,0,0,0,0,0,0,0,0,0,0,0,0,3,12,1,4,3
ERIN,0,0,0,0,0,0,0,0,0,0,0,0,3,0,0,0,0,0,3,12,1,4,3
COM TECH #2,0,0,0,0,0,0,0,3,0,0,0,0,0,0,0,0,0,0,3,11,1,3,3
YOUNG BOY,0,0,0,0,0,0,3,0,0,0,0,0,0,0,0,0,0,0,3,11,1,3,3
ACCUSER,0,0,0,0,0,0,0,0,3,0,0,0,0,0,0,0,0,0,3,10,1,3,3
SALLY AVRIL,0,0,0,0,0,0,0,0,0,0,0,0,0,3,0,0,0,0,3,9,1,3,3
SHIELD AGENT #2,0,0,0,0,0,0,0,3,0,0,0,0,0,0,0,0,0,0,3,7,1,2,3
"BRIAN ""TINY"" MCKEEVER",0,0,0,0,0,0,0,0,0,0,0,0,0,3,0,0,0,0,3,6,1,2,3
PA,0,0,0,0,0,0,0,0,0,0,0,3,0,0,0,0,0,0,3,6,1,2,3
SOOTHING VOICE,0,0,0,0,0,0,0,0,0,0,0,0,0,0,0,0,2,0,2,150,1,75,2
DODGERS ANNOUNCER,0,0,0,0,0,0,2,0,0,0,0,0,0,0,0,0,0,0,2,145,1,72,2
ZEMO'S WIFE,0,0,0,0,0,2,0,0,0,0,0,0,0,0,0,0,0,0,2,48,1,24,2
NEWS ANCHOR #1,0,0,0,0,0,2,0,0,0,0,0,0,0,0,0,0,0,0,2,46,1,23,2
POLICE SERGEANT,0,0,0,0,0,0,0,0,0,0,0,0,0,0,2,0,0,0,2,46,1,23,2
SCUDDER,0,0,0,0,0,0,0,2,0,0,0,0,0,0,0,0,0,0,2,39,1,19,2
AKIHIKO,0,0,2,0,0,0,0,0,0,0,0,0,0,0,0,0,0,0,2,33,1,16,2
CARRIER BRIDGE TECH 1,0,0,0,0,0,0,0,0,0,0,0,0,0,0,2,0,0,0,2,30,1,15,2
GEORGES BATROC,0,0,0,0,0,0,0,2,0,0,0,0,0,0,0,0,0,0,2,29,1,14,2
EMCEE,0,0,0,0,0,0,0,0,0,0,0,0,2,0,0,0,0,0,2,27,1,13,2
RONIN,0,0,2,0,0,0,0,0,0,0,0,0,0,0,0,0,0,0,2,25,1,12,2
REPORTER #2,0,0,0,0,0,0,0,0,0,0,2,0,0,0,0,0,0,0,2,24,1,12,2
COUNCILWOMAN HAWLEY,0,0,0,0,0,0,0,2,0,0,0,0,0,0,0,0,0,0,2,23,1,11,2
JABARI WARRIORS,0,0,0,2,0,0,0,0,0,0,0,0,0,0,0,0,0,0,2,23,1,11,2
NEWS READER,0,0,0,0,0,0,0,0,0,0,0,2,0,0,0,0,0,0,2,23,1,11,2
EDWIN JARVIS,0,0,2,0,0,0,0,0,0,0,0,0,0,0,0,0,0,0,2,22,1,11,2
YOUNG T' CHAKA,0,0,0,0,2,0,0,0,0,0,0,0,0,0,0,0,0,0,2,21,1,10,2
ARMY HECKLER#1,0,0,0,0,0,0,2,0,0,0,0,0,0,0,0,0,0,0,2,19,1,9,2
CONTROL,0,0,0,0,0,0,0,0,0,0,0,0,0,0,0,0,0,2,2,19,1,9,2
MERCHANT TRIBE ELDER,0,0,0,0,2,0,0,0,0,0,0,0,0,0,0,0,0,0,2,19,1,9,2
WORKER,0,0,0,0,0,0,0,0,0,0,0,0,0,2,0,0,0,0,2,19,1,9,2
SHIELD WORKER,0,0,0,0,0,0,0,0,0,0,0,0,0,0,2,0,0,0,2,18,1,9,2
WOMAN ON PA,0,0,0,0,0,0,0,2,0,0,0,0,0,0,0,0,0,0,2,18,1,9,2
BORDER TRIBE ELDER,0,0,0,0,2,0,0,0,0,0,0,0,0,0,0,0,0,0,2,17,1,8,2
ANTON VANKO,0,0,0,0,0,0,0,0,0,0,0,2,0,0,0,0,0,0,2,16,1,8,2
CARINA,0,0,0,0,0,0,0,0,0,0,0,0,0,0,0,0,0,2,2,16,1,8,2
JET PILOT,0,0,0,0,0,0,0,0,0,0,0,0,0,0,2,0,0,0,2,16,1,8,2
COMPUTER VOICE,0,0,0,0,0,0,0,0,0,0,0,0,2,0,0,0,0,0,2,15,1,7,2
EINHERJAR LIEUTENANT,0,0,0,0,0,0,0,0,0,0,0,0,0,0,0,0,0,2,2,15,1,7,2
MAN ON PA,0,0,0,0,0,0,0,2,0,0,0,0,0,0,0,0,0,0,2,15,1,7,2
MERCENARY #1,0,0,0,0,0,2,0,0,0,0,0,0,0,0,0,0,0,0,2,15,1,7,2
OBLO,0,0,0,0,0,0,0,0,0,2,0,0,0,0,0,0,0,0,2,15,1,7,2
STREET VENDOR,0,0,0,0,0,0,0,0,0,0,0,0,0,2,0,0,0,0,2,14,1,7,2
COLLEGE GIRL 1,0,0,0,0,0,0,0,0,0,0,0,0,0,0,0,0,2,0,2,13,1,6,2
SECURITY OFFICER,0,0,0,0,0,0,0,0,2,0,0,0,0,0,0,0,0,0,2,13,1,6,2
STARK’S ENGINEER,0,0,0,0,0,0,2,0,0,0,0,0,0,0,0,0,0,0,2,13,1,6,2
YOUNG COP,0,0,0,0,0,0,0,0,0,0,0,0,0,0,2,0,0,0,2,13,1,6,2
COUNCILMAN YEN,0,0,0,0,0,0,0,2,0,0,0,0,0,0,0,0,0,0,2,12,1,6,2
GUARDS,0,0,0,0,0,0,0,0,0,0,0,0,0,0,0,0,0,2,2,12,1,6,2
IAN,0,0,0,0,0,0,0,0,0,0,0,0,0,0,0,0,0,2,2,12,1,6,2
PARK RANGER,0,0,0,0,0,0,0,0,0,0,0,0,0,2,0,0,0,0,2,12,1,6,2
PARTY GUEST,0,1,0,0,0,0,0,0,0,0,0,0,1,0,0,0,0,0,2,11,2,5,1
CAR JACKER,0,0,0,0,0,0,0,0,0,0,0,0,0,2,0,0,0,0,2,11,1,5,2
FEMALE CARRIER BRIDGE TECH,0,0,0,0,0,0,0,0,0,0,0,0,0,0,2,0,0,0,2,11,1,5,2
GERMAN OLD MAN,0,0,0,0,0,0,0,0,0,0,0,0,0,0,2,0,0,0,2,11,1,5,2
GOVERNMENT OFFICIAL #2,0,0,0,0,0,0,0,0,0,0,0,0,2,0,0,0,0,0,2,11,1,5,2
GUARD #1,0,0,0,0,0,0,0,0,0,0,0,0,2,0,0,0,0,0,2,11,1,5,2
LIMBANI,0,0,0,0,2,0,0,0,0,0,0,0,0,0,0,0,0,0,2,11,1,5,2
SCANNER,0,0,0,0,0,0,0,0,2,0,0,0,0,0,0,0,0,0,2,11,1,5,2
SCIENTIST #1,0,0,0,0,0,0,0,2,0,0,0,0,0,0,0,0,0,0,2,11,1,5,2
UN STAFFER,0,0,0,0,0,2,0,0,0,0,0,0,0,0,0,0,0,0,2,11,1,5,2
WARDEN,0,0,0,0,0,0,0,0,0,0,0,0,0,0,0,0,2,0,2,11,1,5,2
BITCHING-BETTY,0,0,0,0,0,0,0,0,0,0,2,0,0,0,0,0,0,0,2,10,1,5,2
FRIGHTENED PILOT,0,0,0,0,0,0,0,0,0,2,0,0,0,0,0,0,0,0,2,10,1,5,2
HISTORY TEACHER,0,0,0,0,0,0,0,0,0,0,0,0,0,2,0,0,0,0,2,10,1,5,2
LINDA,0,0,0,0,2,0,0,0,0,0,0,0,0,0,0,0,0,0,2,10,1,5,2
MARTINEX,0,0,0,0,0,0,0,0,0,2,0,0,0,0,0,0,0,0,2,10,1,5,2
MILITANT LEADER,0,0,0,0,2,0,0,0,0,0,0,0,0,0,0,0,0,0,2,10,1,5,2
YOUNG BLACK KID,0,0,0,0,2,0,0,0,0,0,0,0,0,0,0,0,0,0,2,10,1,5,2
ALETA,0,0,0,0,0,0,0,0,0,2,0,0,0,0,0,0,0,0,2,9,1,4,2
AYO,0,0,0,0,2,0,0,0,0,0,0,0,0,0,0,0,0,0,2,9,1,4,2
COLLEGE GIRL 2,0,0,0,0,0,0,0,0,0,0,0,0,0,0,0,0,2,0,2,9,1,4,2
COUSIN CARLO,0,0,0,0,0,0,0,0,0,0,0,0,0,0,0,0,2,0,2,9,1,4,2
DODC AGENT,0,0,0,0,0,0,0,0,0,0,0,0,0,2,0,0,0,0,2,9,1,4,2
ELDERLY WOMAN,0,0,0,0,2,0,0,0,0,0,0,0,0,0,0,0,0,0,2,9,1,4,2
MARJORIE,0,0,0,0,0,0,0,0,0,0,0,0,0,2,0,0,0,0,2,9,1,4,2
OFFICER #2,0,0,0,0,0,0,0,0,0,0,0,0,2,0,0,0,0,0,2,9,1,4,2
PEPPER'S ASSISTANT,0,0,0,0,0,0,0,0,0,0,0,0,2,0,0,0,0,0,2,9,1,4,2
A1 NATASHA,0,0,2,0,0,0,0,0,0,0,0,0,0,0,0,0,0,0,2,8,1,4,2
BARTENDER,0,0,0,0,0,0,0,0,2,0,0,0,0,0,0,0,0,0,2,8,1,4,2
HIDEOUS RABBIT,1,0,0,0,0,0,0,0,0,0,0,0,0,0,0,0,0,0,2,8,1,4,2
HYDRA DISPATCH,0,0,0,0,0,0,0,2,0,0,0,0,0,0,0,0,0,0,2,8,1,4,2
JAN,0,0,0,0,0,0,2,0,0,0,0,0,0,0,0,0,0,0,2,8,1,4,2
PYM TECH SECURITY GUARD,2,0,0,0,0,0,0,0,0,0,0,0,0,0,0,0,0,0,2,8,1,4,2
TECH,0,0,0,0,0,0,0,0,0,0,0,0,0,2,0,0,0,0,2,8,1,4,2
SOLDIERS,0,1,0,0,0,0,1,0,0,0,0,0,0,0,0,0,0,0,2,7,2,3,1
FBI AGENT 1,0,0,0,0,0,0,0,0,0,0,0,0,0,2,0,0,0,0,2,7,1,3,2
REPORTER # 1,0,0,0,0,0,0,0,0,0,0,2,0,0,0,0,0,0,0,2,7,1,3,2
THAI WAITER,0,0,0,0,0,0,0,0,0,0,0,0,0,2,0,0,0,0,2,7,1,3,2
VANESSA,0,0,0,0,0,0,0,0,0,0,0,0,2,0,0,0,0,0,2,7,1,3,2
WOMAN ON TRAIN,0,0,0,0,0,0,0,0,0,0,0,0,0,0,0,0,0,2,2,7,1,3,2
A1 HULK,0,0,2,0,0,0,0,0,0,0,0,0,0,0,0,0,0,0,2,6,1,3,2
CHARLIE-27,0,0,0,0,0,0,0,0,0,2,0,0,0,0,0,0,0,0,2,6,1,3,2
DELI CLERK,0,0,0,0,0,0,0,0,0,0,0,0,0,2,0,0,0,0,2,6,1,3,2
FEMALE NURSE,0,0,0,0,0,0,0,2,0,0,0,0,0,0,0,0,0,0,2,6,1,3,2
HEATHER,0,0,0,0,0,0,0,0,0,0,0,0,2,0,0,0,0,0,2,6,1,3,2
HYDRA LIEUTENANT,0,0,0,0,0,0,2,0,0,0,0,0,0,0,0,0,0,0,2,6,1,3,2
MAIDEN,0,0,2,0,0,0,0,0,0,0,0,0,0,0,0,0,0,0,2,6,1,3,2
SKRULL TECH,0,0,0,0,0,0,0,0,2,0,0,0,0,0,0,0,0,0,2,6,1,3,2
STUDENTS,0,0,0,0,0,0,0,0,0,0,0,0,0,2,0,0,0,0,2,6,1,3,2
BOTH,0,0,0,0,0,0,0,0,0,0,0,0,2,0,0,0,0,0,2,5,1,2,2
CUSTODIAN,0,0,0,0,0,2,0,0,0,0,0,0,0,0,0,0,0,0,2,5,1,2,2
KLAUE'S MERCENARY,0,2,0,0,0,0,0,0,0,0,0,0,0,0,0,0,0,0,2,5,1,2,2
NAVID,0,0,0,0,0,0,0,0,0,0,0,0,0,0,0,0,0,2,2,5,1,2,2
YOUNG DOCTOR,0,0,0,0,0,0,2,0,0,0,0,0,0,0,0,0,0,0,2,5,1,2,2
BUCKY,0,0,0,0,2,0,0,0,0,0,0,0,0,0,0,0,0,0,2,4,1,2,2
SKRULL,0,0,0,0,0,0,0,0,2,0,0,0,0,0,0,0,0,0,2,4,1,2,2
DECATHLON TEAM,0,0,0,0,0,0,0,0,0,0,0,0,0,1,0,0,0,0,2,2,1,1,2
HAPPY'S NURSE,0,0,0,0,0,0,0,0,0,0,0,0,2,0,0,0,0,0,2,2,1,1,2
TV REPORTER’S VOICE,0,0,0,0,0,0,0,0,0,0,1,0,0,0,0,0,0,0,1,235,1,235,1
NARRATOR,0,0,0,0,0,0,0,0,0,0,1,0,0,0,0,0,0,0,1,197,1,197,1
VIDEO VOICE OVER,1,0,0,0,0,0,0,0,0,0,0,0,0,0,0,0,0,0,1,115,1,115,1
BBC ANCHOR,0,0,0,0,1,0,0,0,0,0,0,0,0,0,0,0,0,0,1,89,1,89,1
STONEHENGE TV NEWS REPORTER,0,0,0,0,0,0,0,0,0,0,0,0,0,0,0,0,0,1,1,73,1,73,1
ACTOR ODIN,0,0,0,0,0,0,0,0,0,0,0,0,0,0,0,0,1,0,1,69,1,69,1
MAC GARGAN,0,0,0,0,0,0,0,0,0,0,0,0,0,1,0,0,0,0,1,68,1,68,1
ASGARDIAN PA,0,0,0,1,0,0,0,0,0,0,0,0,0,0,0,0,0,0,1,67,1,67,1
THOR/SELVIG,0,0,0,0,0,0,0,0,0,0,0,0,0,0,0,1,0,0,1,55,1,55,1
HOSPITAL NEWS REPORTER,0,0,0,0,0,0,0,0,0,0,0,0,1,0,0,0,0,0,1,41,1,41,1
LIBRARIAN,0,0,0,0,0,0,0,0,0,0,0,0,0,0,0,1,0,0,1,35,1,35,1
MAN ON THE RADIO,0,0,0,0,0,0,1,0,0,0,0,0,0,0,0,0,0,0,1,34,1,34,1
WAITRESS,0,0,0,0,0,0,0,0,0,0,0,0,0,0,1,0,0,0,1,31,1,31,1
JOAN RIVERS,0,0,0,0,0,0,0,0,0,0,0,0,1,0,0,0,0,0,1,28,1,28,1
VERS' BROTHER,0,0,0,0,0,0,0,0,1,0,0,0,0,0,0,0,0,0,1,26,1,26,1
MALE REPORTER,0,0,0,0,0,0,0,0,0,0,0,0,0,0,1,0,0,0,1,24,1,24,1
THE SENATOR,0,0,0,0,0,0,0,0,0,0,0,0,0,0,1,0,0,0,1,24,1,24,1
STARK'S ASSISTANT,0,0,0,0,0,1,0,0,0,0,0,0,0,0,0,0,0,0,1,23,1,23,1
LOKI/STEVE,0,0,1,0,0,0,0,0,0,0,0,0,0,0,0,0,0,0,1,22,1,22,1
MR. COBBWELL,0,0,0,0,0,0,0,0,0,0,0,0,0,1,0,0,0,0,1,22,1,22,1
CULL OBSIDIAN,0,0,0,1,0,0,0,0,0,0,0,0,0,0,0,0,0,0,1,21,1,21,1
NEWS ANCHOR #2,0,0,0,0,0,1,0,0,0,0,0,0,0,0,0,0,0,0,1,21,1,21,1
NEWS ANCHOR #5,0,0,0,0,0,1,0,0,0,0,0,0,0,0,0,0,0,0,1,21,1,21,1
BILL MAHER,0,0,0,0,0,0,0,0,0,0,0,0,1,0,0,0,0,0,1,20,1,20,1
BOR,0,0,0,0,0,0,0,0,0,0,0,0,0,0,0,0,0,1,1,20,1,20,1
CRAMER,0,0,0,0,0,0,0,0,0,0,1,0,0,0,0,0,0,0,1,19,1,19,1
FRENCH AMBASSADOR,0,0,0,0,1,0,0,0,0,0,0,0,0,0,0,0,0,0,1,19,1,19,1
CHAD DAVIS,0,0,0,0,0,0,0,0,0,0,0,0,1,0,0,0,0,0,1,18,1,18,1
EXPO ANNOUNCER,0,0,0,0,0,0,1,0,0,0,0,0,0,0,0,0,0,0,1,17,1,17,1
PRIEST,0,0,0,0,0,1,0,0,0,0,0,0,0,0,0,0,0,0,1,17,1,17,1
ASGARDIAN NURSE,0,0,0,0,0,0,0,0,0,0,0,0,0,0,0,0,0,1,1,16,1,16,1
ATTACHE,0,0,0,0,0,1,0,0,0,0,0,0,0,0,0,0,0,0,1,16,1,16,1
BAILIFF,0,0,0,0,0,0,0,1,0,0,0,0,0,0,0,0,0,0,1,16,1,16,1
LITTLE BOY,0,0,0,0,0,0,0,0,0,0,0,0,1,0,0,0,0,0,1,16,1,16,1
NEWS ANCHOR #3,0,0,0,0,0,1,0,0,0,0,0,0,0,0,0,0,0,0,1,16,1,16,1
MALE CITIZEN,0,0,0,0,0,0,0,0,0,0,0,0,0,0,1,0,0,0,1,15,1,15,1
NIGERIAN MILITANT #2,0,0,0,0,1,0,0,0,0,0,0,0,0,0,0,0,0,0,1,15,1,15,1
NEWS REPORTER #1,0,0,0,0,0,0,0,0,0,0,0,0,1,0,0,0,0,0,1,14,1,14,1
TAXI DRIVER,0,0,0,0,0,0,1,0,0,0,0,0,0,0,0,0,0,0,1,14,1,14,1
CREW,0,0,0,0,0,0,0,0,0,0,0,0,1,0,0,0,0,0,1,13,1,13,1
OFFICER FITZGIBBON,0,0,0,0,0,0,0,0,0,1,0,0,0,0,0,0,0,0,1,13,1,13,1
SHIELD PILOT,0,0,0,0,0,0,0,1,0,0,0,0,0,0,0,0,0,0,1,13,1,13,1
A1 CLINT BARTON,0,0,1,0,0,0,0,0,0,0,0,0,0,0,0,0,0,0,1,12,1,12,1
BIKER,0,0,0,0,0,0,0,0,1,0,0,0,0,0,0,0,0,0,1,12,1,12,1
CADETS,0,0,0,0,0,0,0,0,1,0,0,0,0,0,0,0,0,0,1,12,1,12,1
MAN ON PA #1,0,0,0,0,0,1,0,0,0,0,0,0,0,0,0,0,0,0,1,12,1,12,1
MAN ON SPEAKERS,0,0,0,0,0,1,0,0,0,0,0,0,0,0,0,0,0,0,1,12,1,12,1
NOVAR,0,0,0,0,0,0,0,0,0,0,0,0,0,0,1,0,0,0,1,12,1,12,1
POLICE RADIO,1,0,0,0,0,0,0,0,0,0,0,0,0,0,0,0,0,0,1,12,1,12,1
PUSHY TABLOID REPORTER,0,0,0,0,0,0,0,0,0,0,0,0,1,0,0,0,0,0,1,12,1,12,1
AGENT JACKSON,0,0,0,0,0,0,0,0,0,0,0,0,0,0,0,1,0,0,1,11,1,11,1
JOSEPH DANVERS,0,0,0,0,0,0,0,0,1,0,0,0,0,0,0,0,0,0,1,11,1,11,1
MAN ON PA #2,0,0,0,0,0,1,0,0,0,0,0,0,0,0,0,0,0,0,1,11,1,11,1
NEWS REPORTER #4,0,0,0,0,0,0,0,0,0,0,0,0,1,0,0,0,0,0,1,11,1,11,1
BRAHL,0,0,0,0,0,0,0,0,0,1,0,0,0,0,0,0,0,0,1,10,1,10,1
COP ON SPEAKER,1,0,0,0,0,0,0,0,0,0,0,0,0,0,0,0,0,0,1,10,1,10,1
ENLISTMENT GUY,0,0,0,0,0,0,1,0,0,0,0,0,0,0,0,0,0,0,1,10,1,10,1
FACILITY MANAGER,0,0,0,0,0,0,1,0,0,0,0,0,0,0,0,0,0,0,1,10,1,10,1
HUSBAND,0,0,0,0,0,0,0,0,0,0,0,0,0,0,1,0,0,0,1,10,1,10,1
OLD FOOTAGE RECORDING,0,0,0,0,0,0,0,1,0,0,0,0,0,0,0,0,0,0,1,10,1,10,1
PET STORE CLERK,0,0,0,0,0,0,0,0,0,0,0,0,0,0,0,1,0,0,1,10,1,10,1
QUINJET PILOT,0,0,0,0,0,0,0,1,0,0,0,0,0,0,0,0,0,0,1,10,1,10,1
SHIELD ENGINEER,0,0,0,0,0,0,0,0,0,0,0,0,0,0,1,0,0,0,1,10,1,10,1
TYCOON,0,0,0,0,0,0,0,0,0,0,1,0,0,0,0,0,0,0,1,10,1,10,1
WIFE,0,0,0,0,0,0,0,0,0,0,0,0,0,0,1,0,0,0,1,10,1,10,1
25TH FLOOR STRIKE AGENT,0,0,0,0,0,0,0,1,0,0,0,0,0,0,0,0,0,0,1,9,1,9,1
AVENGERS JIMMY,0,0,1,0,0,0,0,0,0,0,0,0,0,0,0,0,0,0,1,9,1,9,1
BOY,0,0,0,0,0,0,0,0,1,0,0,0,0,0,0,0,0,0,1,9,1,9,1
CALCUTTA WOMAN,0,0,0,0,0,0,0,0,0,0,0,0,0,0,1,0,0,0,1,9,1,9,1
DOME CONTROL,0,0,0,1,0,0,0,0,0,0,0,0,0,0,0,0,0,0,1,9,1,9,1
FACELESS PILOT,0,0,0,0,0,0,0,0,0,0,0,0,0,0,1,0,0,0,1,9,1,9,1
GOVERNMENT EMPLOYEE,0,0,0,0,0,0,0,0,0,0,0,0,1,0,0,0,0,0,1,9,1,9,1
TEXT MESSAGE,0,0,0,0,0,0,0,1,0,0,0,0,0,0,0,0,0,0,1,9,1,9,1
ATTENDANT,0,0,0,0,0,0,0,0,0,0,1,0,0,0,0,0,0,0,1,8,1,8,1
AVENGERS KID,0,0,1,0,0,0,0,0,0,0,0,0,0,0,0,0,0,0,1,8,1,8,1
COUNCILMAN HAWLEY,0,0,0,0,0,0,0,1,0,0,0,0,0,0,0,0,0,0,1,8,1,8,1
HAMMER SECURITY GUARD,0,0,0,0,0,0,0,0,0,0,0,1,0,0,0,0,0,0,1,8,1,8,1
ROBBER 4,0,0,0,0,0,0,0,0,0,0,0,0,0,1,0,0,0,0,1,8,1,8,1
SOLDIER,0,0,0,0,0,0,0,0,0,0,1,0,0,0,0,0,0,0,1,8,1,8,1
ANNOUNCEMENT,0,0,0,0,0,0,0,0,0,0,0,1,0,0,0,0,0,0,1,7,1,7,1
ASGARDIAN EINHERJAR,0,0,0,0,0,0,0,0,0,0,0,0,0,0,0,0,0,1,1,7,1,7,1
ASGARDIAN MAN,0,0,0,0,0,0,0,0,0,0,0,0,0,0,0,0,1,0,1,7,1,7,1
BARKEEPER,0,0,0,0,0,0,1,0,0,0,0,0,0,0,0,0,0,0,1,7,1,7,1
DAY SLEEPER,0,0,0,0,0,0,0,0,0,0,0,0,0,1,0,0,0,0,1,7,1,7,1
EAGER TOWNIE,0,0,0,0,0,0,0,0,0,0,0,0,0,0,0,1,0,0,1,7,1,7,1
ELECTRONIC VOICE-OVER,0,0,0,0,0,0,0,0,1,0,0,0,0,0,0,0,0,0,1,7,1,7,1
FAMILIES,0,0,0,0,0,0,0,0,0,0,0,0,0,1,0,0,0,0,1,7,1,7,1
GAMORA'S MOTHER,0,0,0,1,0,0,0,0,0,0,0,0,0,0,0,0,0,0,1,7,1,7,1
HYDRA SOLDIER,0,0,0,0,0,0,1,0,0,0,0,0,0,0,0,0,0,0,1,7,1,7,1
MR. HAPGOOD,0,0,0,0,0,0,0,0,0,0,0,0,0,1,0,0,0,0,1,7,1,7,1
OFF SCREEN WORKER,0,0,0,0,0,0,0,0,0,0,0,0,0,0,1,0,0,0,1,7,1,7,1
OLD MAN,0,0,0,0,0,0,0,0,0,0,0,0,0,1,0,0,0,0,1,7,1,7,1
ORDERLY,0,0,0,0,0,0,0,0,0,0,0,0,0,0,0,1,0,0,1,7,1,7,1
PATIENT,0,0,0,0,0,0,0,0,0,0,0,0,0,0,0,0,0,1,1,7,1,7,1
SCIENTIST,0,0,0,0,0,0,0,0,0,0,0,0,0,0,1,0,0,0,1,7,1,7,1
VOICEMAIL,0,0,0,0,0,0,0,0,0,0,0,0,0,1,0,0,0,0,1,7,1,7,1
ZRINKA,0,1,0,0,0,0,0,0,0,0,0,0,0,0,0,0,0,0,1,7,1,7,1
ANTIQUE STORE OWNER,0,0,0,0,0,0,1,0,0,0,0,0,0,0,0,0,0,0,1,6,1,6,1
DODC CENTRAL,0,0,0,0,0,0,0,0,0,0,0,0,0,1,0,0,0,0,1,6,1,6,1
GOVERNMENT OFFICIAL #1,0,0,0,0,0,0,0,0,0,0,0,0,1,0,0,0,0,0,1,6,1,6,1
JOTUN SENTRY,0,0,0,0,0,0,0,0,0,0,0,0,0,0,0,1,0,0,1,6,1,6,1
KID IN THE BACKSEAT,0,0,0,0,0,0,0,0,0,0,1,0,0,0,0,0,0,0,1,6,1,6,1
KIDS IN USO AUDIENCE,0,0,0,0,0,0,1,0,0,0,0,0,0,0,0,0,0,0,1,6,1,6,1
KURSE,0,0,0,0,0,0,0,0,0,0,0,0,0,0,0,0,0,1,1,6,1,6,1
MANDY,0,0,0,0,0,0,1,0,0,0,0,0,0,0,0,0,0,0,1,6,1,6,1
NEWS REPORTER #3,0,0,0,0,0,0,0,0,0,0,0,0,1,0,0,0,0,0,1,6,1,6,1
REPORTER #3,0,0,0,0,0,0,0,0,0,0,1,0,0,0,0,0,0,0,1,6,1,6,1
RESIDENT 1,0,0,0,0,0,0,0,0,0,0,0,0,0,1,0,0,0,0,1,6,1,6,1
ROBBER 2,0,0,0,0,0,0,0,0,0,0,0,0,0,1,0,0,0,0,1,6,1,6,1
SECURITY CHIEF,0,0,0,0,0,1,0,0,0,0,0,0,0,0,0,0,0,0,1,6,1,6,1
SMITHSONIAN GUARD,0,0,0,0,0,0,0,1,0,0,0,0,0,0,0,0,0,0,1,6,1,6,1
"VERS, BRON-CHAR, KORATH, MINN-ERVA AND ATT-LASS",0,0,0,0,0,0,0,0,1,0,0,0,0,0,0,0,0,0,1,6,1,6,1
DODC DRIVER,0,0,0,0,0,0,0,0,0,0,0,0,0,1,0,0,0,0,1,5,1,5,1
DRILL INSTRUCTOR,0,0,0,0,0,0,0,0,1,0,0,0,0,0,0,0,0,0,1,5,1,5,1
FEMALE CITIZEN,0,0,0,0,0,0,0,0,0,0,0,0,0,0,1,0,0,0,1,5,1,5,1
HELICARRIER INTERCOM,0,0,0,0,0,0,0,0,0,0,0,0,0,0,1,0,0,0,1,5,1,5,1
JOTUN,0,0,0,0,0,0,0,0,0,0,0,0,0,0,0,1,0,0,1,5,1,5,1
SCRAPPER,0,0,0,0,0,0,0,0,0,0,0,0,0,0,0,0,1,0,1,5,1,5,1
SHIELD AGENT #1,0,0,0,0,0,0,0,1,0,0,0,0,0,0,0,0,0,0,1,5,1,5,1
WORLD HUB TECH,0,1,0,0,0,0,0,0,0,0,0,0,0,0,0,0,0,0,1,5,1,5,1
YOUNG SHIELD PILOT,0,0,0,0,0,0,0,0,0,0,0,0,0,0,1,0,0,0,1,5,1,5,1
911 OPERATOR,0,0,0,0,0,0,0,0,0,0,0,0,0,1,0,0,0,0,1,4,1,4,1
ARMY HECKLER#2,0,0,0,0,0,0,1,0,0,0,0,0,0,0,0,0,0,0,1,4,1,4,1
ARMY HECKLER#3,0,0,0,0,0,0,1,0,0,0,0,0,0,0,0,0,0,0,1,4,1,4,1
ARMY HECKLER#4,0,0,0,0,0,0,1,0,0,0,0,0,0,0,0,0,0,0,1,4,1,4,1
ASGARDIAN WOMAN,0,0,0,0,0,0,0,0,0,0,0,0,0,0,0,0,1,0,1,4,1,4,1
BORDER TRIBE COMMANDER,0,0,0,0,1,0,0,0,0,0,0,0,0,0,0,0,0,0,1,4,1,4,1
COUNCILMAN 2,0,0,0,0,0,0,0,0,0,0,0,0,0,0,1,0,0,0,1,4,1,4,1
FRENCH PIRATE #2,0,0,0,0,0,0,0,1,0,0,0,0,0,0,0,0,0,0,1,4,1,4,1
GSG-9 DRIVER,0,0,0,0,0,1,0,0,0,0,0,0,0,0,0,0,0,0,1,4,1,4,1
JACK ROLLINS,0,0,0,0,0,0,0,1,0,0,0,0,0,0,0,0,0,0,1,4,1,4,1
JAQUES DERNIER,0,0,0,0,0,0,1,0,0,0,0,0,0,0,0,0,0,0,1,4,1,4,1
MAINFRAME,0,0,0,0,0,0,0,0,0,1,0,0,0,0,0,0,0,0,1,4,1,4,1
MAN#1,0,0,0,0,0,0,1,0,0,0,0,0,0,0,0,0,0,0,1,4,1,4,1
MAN#2,0,0,0,0,0,0,1,0,0,0,0,0,0,0,0,0,0,0,1,4,1,4,1
MANDARIN LOOK-OUT,0,0,0,0,0,0,0,0,0,0,0,0,1,0,0,0,0,0,1,4,1,4,1
NASA SCIENTIST,0,0,0,0,0,0,0,0,0,0,0,0,0,0,1,0,0,0,1,4,1,4,1
NEWS REPORTER #2,0,0,0,0,0,0,0,0,0,0,0,0,1,0,0,0,0,0,1,4,1,4,1
PERSON,0,0,0,0,0,0,0,0,0,0,0,1,0,0,0,0,0,0,1,4,1,4,1
PRETTY MUCH EVERYONE IN THE CROWD,0,0,0,0,0,0,0,0,0,0,0,1,0,0,0,0,0,0,1,4,1,4,1
PYM TECH EMPLOYEE,1,0,0,0,0,0,0,0,0,0,0,0,0,0,0,0,0,0,1,4,1,4,1
RAMIREZ,0,0,0,0,0,0,0,0,0,0,1,0,0,0,0,0,0,0,1,4,1,4,1
RANDOM WOMAN,0,0,0,0,0,0,1,0,0,0,0,0,0,0,0,0,0,0,1,4,1,4,1
SPANISH TEACHER,0,0,0,0,0,0,0,0,0,0,0,0,0,1,0,0,0,0,1,4,1,4,1
SSR DOCTOR,0,0,0,0,0,0,1,0,0,0,0,0,0,0,0,0,0,0,1,4,1,4,1
TOURIST,0,0,0,0,0,0,0,0,0,0,0,0,0,1,0,0,0,0,1,4,1,4,1
VOICE FROM EARPIECE,0,0,0,0,0,0,1,0,0,0,0,0,0,0,0,0,0,0,1,4,1,4,1
WOMAN IN CROWD,0,0,0,0,0,0,0,0,0,0,0,1,0,0,0,0,0,0,1,4,1,4,1
CAB DRIVER,1,0,0,0,0,0,0,0,0,0,0,0,0,0,0,0,0,0,1,3,1,3,1
DRIVER,0,0,0,0,1,0,0,0,0,0,0,0,0,0,0,0,0,0,1,3,1,3,1
"ELDERS, WARRIORS, DORA",0,0,0,0,1,0,0,0,0,0,0,0,0,0,0,0,0,0,1,3,1,3,1
GOLDSTEIN,0,0,0,0,0,0,0,0,0,0,0,1,0,0,0,0,0,0,1,3,1,3,1
GRANDPA QUILL,0,0,0,0,0,0,0,0,0,1,0,0,0,0,0,0,0,0,1,3,1,3,1
HALF-NUT,0,0,0,0,0,0,0,0,0,1,0,0,0,0,0,0,0,0,1,3,1,3,1
IRON MAN KID,0,0,0,0,0,0,0,0,0,0,1,0,0,0,0,0,0,0,1,3,1,3,1
JASON/BETTY,0,0,0,0,0,0,0,0,0,0,0,0,0,1,0,0,0,0,1,3,1,3,1
KHALID,0,0,0,0,0,0,0,0,0,0,1,0,0,0,0,0,0,0,1,3,1,3,1
MAN IN CROWD,0,0,0,0,0,0,0,0,0,0,0,1,0,0,0,0,0,0,1,3,1,3,1
MERCENARY #2,0,0,0,0,0,1,0,0,0,0,0,0,0,0,0,0,0,0,1,3,1,3,1
OLDER MAN,0,0,1,0,0,0,0,0,0,0,0,0,0,0,0,0,0,0,1,3,1,3,1
PROPRIETOR,0,0,0,0,0,0,0,0,0,1,0,0,0,0,0,0,0,0,1,3,1,3,1
RESIDENT 2,0,0,0,0,0,0,0,0,0,0,0,0,0,1,0,0,0,0,1,3,1,3,1
SECOND GUARD,0,0,0,0,0,0,0,0,0,0,0,1,0,0,0,0,0,0,1,3,1,3,1
SHIELD AGENT #3,0,0,0,0,0,0,0,1,0,0,0,0,0,0,0,0,0,0,1,3,1,3,1
SOMEONE IN BACKGROUND,0,0,0,0,0,0,0,0,0,0,0,1,0,0,0,0,0,0,1,3,1,3,1
USO GIRL,0,0,0,0,0,0,1,0,0,0,0,0,0,0,0,0,0,0,1,3,1,3,1
WEASELLY THUG,0,0,0,0,0,0,0,0,0,0,0,0,0,0,1,0,0,0,1,3,1,3,1
WEIRD OLD MAN,0,0,0,0,0,0,0,0,0,1,0,0,0,0,0,0,0,0,1,3,1,3,1
ACTOR SIF,0,0,0,0,0,0,0,0,0,0,0,0,0,0,0,0,1,0,1,2,1,2,1
ASGARDIAN CITIZENS,0,0,0,0,0,0,0,0,0,0,0,0,0,0,0,0,1,0,1,2,1,2,1
BORDER TRIBE,0,0,0,0,1,0,0,0,0,0,0,0,0,0,0,0,0,0,1,2,1,2,1
CARGO TRUCK MILITANT,0,0,0,0,1,0,0,0,0,0,0,0,0,0,0,0,0,0,1,2,1,2,1
CHEERLEADER,0,0,0,0,0,0,0,0,0,0,0,0,0,1,0,0,0,0,1,2,1,2,1
CIA AGENT,0,0,0,0,1,0,0,0,0,0,0,0,0,0,0,0,0,0,1,2,1,2,1
CORPORAL,0,0,0,0,0,0,1,0,0,0,0,0,0,0,0,0,0,0,1,2,1,2,1
DOCTOR #1,0,0,0,0,0,0,0,1,0,0,0,0,0,0,0,0,0,0,1,2,1,2,1
ELK RIDGE,0,0,0,0,0,0,0,0,0,0,0,0,1,0,0,0,0,0,1,2,1,2,1
FBI AGENT 2,0,0,0,0,0,0,0,0,0,0,0,0,0,1,0,0,0,0,1,2,1,2,1
FRIEND,0,0,0,0,0,0,0,0,0,0,0,0,0,1,0,0,0,0,1,2,1,2,1
FURY AND MARIA,0,0,0,0,0,0,0,0,1,0,0,0,0,0,0,0,0,0,1,2,1,2,1
HYDRA TECHNICIANS,0,0,0,0,0,0,1,0,0,0,0,0,0,0,0,0,0,0,1,2,1,2,1
JOSEF / SUPER SOLDIER #1,0,0,0,0,0,1,0,0,0,0,0,0,0,0,0,0,0,0,1,2,1,2,1
JOTUN VOICE,0,0,0,0,0,0,0,0,0,0,0,0,0,0,0,1,0,0,1,2,1,2,1
MAINTENANCE GUY,0,0,0,0,0,0,0,0,0,0,0,0,0,0,1,0,0,0,1,2,1,2,1
MALE VOICE,0,0,0,0,0,0,0,0,0,0,0,0,0,1,0,0,0,0,1,2,1,2,1
NIGERIAN WOMAN,0,0,0,0,1,0,0,0,0,0,0,0,0,0,0,0,0,0,1,2,1,2,1
PEOPLE,0,0,0,0,0,0,0,0,0,0,0,1,0,0,0,0,0,0,1,2,1,2,1
POOL BBQ DAD,1,0,0,0,0,0,0,0,0,0,0,0,0,0,0,0,0,0,1,2,1,2,1
PYM TECH GATE GUARD,1,0,0,0,0,0,0,0,0,0,0,0,0,0,0,0,0,0,1,2,1,2,1
ROBBER 3,0,0,0,0,0,0,0,0,0,0,0,0,0,1,0,0,0,0,1,2,1,2,1
SCURRILOUS RAVAGER,0,0,0,0,0,0,0,0,0,1,0,0,0,0,0,0,0,0,1,2,1,2,1
SOUTH AFRICAN TOUGH,0,0,0,0,1,0,0,0,0,0,0,0,0,0,0,0,0,0,1,2,1,2,1
SOVEREIGN PILOT,0,0,0,0,0,0,0,0,0,1,0,0,0,0,0,0,0,0,1,2,1,2,1
STRIKE AGENT #2,0,0,0,0,0,0,0,1,0,0,0,0,0,0,0,0,0,0,1,2,1,2,1
TOWNIE,0,0,0,0,0,0,0,0,0,0,0,0,0,0,0,1,0,0,1,2,1,2,1
VOLSTAGG / HOGUN,0,0,0,0,0,0,0,0,0,0,0,0,0,0,0,1,0,0,1,2,1,2,1
WAKANDAN CHILD,0,0,0,0,1,0,0,0,0,0,0,0,0,0,0,0,0,0,1,2,1,2,1
WAKANDAN CHILDREN,0,0,0,0,1,0,0,0,0,0,0,0,0,0,0,0,0,0,1,2,1,2,1
AGENT DELANCEY,0,0,0,0,0,0,0,0,0,0,0,0,0,0,0,1,0,0,1,1,1,1,1
ANNIE,0,0,0,0,0,0,0,0,0,0,0,0,0,1,0,0,0,0,1,1,1,1,1
BALLET INSTRUCTOR,0,1,0,0,0,0,0,0,0,0,0,0,0,0,0,0,0,0,1,1,1,1,1
DUBAI BEAUTY #1,0,0,0,0,0,0,0,0,0,0,1,0,0,0,0,0,0,0,1,1,1,1,1
DURAND,0,0,0,0,0,0,0,1,0,0,0,0,0,0,0,0,0,0,1,1,1,1,1
HYDRA GUARDS,0,0,0,0,0,0,1,0,0,0,0,0,0,0,0,0,0,0,1,1,1,1,1
JACQUES DERNIER,0,0,0,0,0,0,1,0,0,0,0,0,0,0,0,0,0,0,1,1,1,1,1
LIZ/NED,0,0,0,0,0,0,0,0,0,0,0,0,0,1,0,0,0,0,1,1,1,1,1
MERCENARY,0,0,0,0,0,1,0,0,0,0,0,0,0,0,0,0,0,0,1,1,1,1,1
MUFFLED VOICE,0,0,1,0,0,0,0,0,0,0,0,0,0,0,0,0,0,0,1,1,1,1,1
ROSE HILL CHRISTMAS TREE SHOPPER,0,0,0,0,0,0,0,0,0,0,0,0,1,0,0,0,0,0,1,1,1,1,1
SHURI/NAKIA,0,0,0,0,1,0,0,0,0,0,0,0,0,0,0,0,0,0,1,1,1,1,1
SOH-LARR,0,0,0,0,0,0,0,0,1,0,0,0,0,0,0,0,0,0,1,1,1,1,1
STRIKE AGENT #1,0,0,0,0,0,0,0,1,0,0,0,0,0,0,0,0,0,0,1,1,1,1,1
STRIKE AGENT #3,0,0,0,0,0,0,0,1,0,0,0,0,0,0,0,0,0,0,1,1,1,1,1
TALL RAVAGER,0,0,0,0,0,0,0,0,0,1,0,0,0,0,0,0,0,0,1,1,1,1,1
TENT KIDS,0,0,0,0,0,0,0,0,0,0,0,0,0,1,0,0,0,0,1,1,1,1,1
THOMAS RICHARDS,0,0,0,0,0,0,0,0,0,0,0,0,1,0,0,0,0,0,1,1,1,1,1
THOR / BANNER,0,0,0,0,0,0,0,0,0,0,0,0,0,0,0,0,1,0,1,1,1,1,1
